source_operation_id,target_operation_id
AXIU0000001:DISCHARGE,AXIU0000001:GATE_READY
AXIU0000001:GATE_READY,AXIU0000001:DRAY_IN
AXIU0000001:DRAY_IN,AXIU0000001:RECEIVE
AXIU0000001:RECEIVE,AXIU0000001:CROSSDOCK
AXIU0000001:CROSSDOCK,AXIU0000001:OUTBOUND
AXIU0000001:OUTBOUND,AXIU0000001:DRAY_OUT
AXIU0000001:DRAY_OUT,AXIU0000001:DELIVERY
ARGU0000002:DISCHARGE,ARGU0000002:GATE_READY
ARGU0000002:GATE_READY,ARGU0000002:DRAY_IN
ARGU0000002:DRAY_IN,ARGU0000002:RECEIVE
ARGU0000002:RECEIVE,ARGU0000002:CROSSDOCK
ARGU0000002:CROSSDOCK,ARGU0000002:OUTBOUND
ARGU0000002:OUTBOUND,ARGU0000002:DRAY_OUT
ARGU0000002:DRAY_OUT,ARGU0000002:DELIVERY
CMDU0000003:DISCHARGE,CMDU0000003:GATE_READY
CMDU0000003:GATE_READY,CMDU0000003:DRAY_IN
CMDU0000003:DRAY_IN,CMDU0000003:RECEIVE
CMDU0000003:RECEIVE,CMDU0000003:STORAGE_PICK
CMDU0000003:STORAGE_PICK,CMDU0000003:OUTBOUND
CMDU0000003:OUTBOUND,CMDU0000003:DRAY_OUT
CMDU0000003:DRAY_OUT,CMDU0000003:DELIVERY
SGWU0000004:DISCHARGE,SGWU0000004:GATE_READY
SGWU0000004:GATE_READY,SGWU0000004:DRAY_IN
SGWU0000004:DRAY_IN,SGWU0000004:RECEIVE
SGWU0000004:RECEIVE,SGWU0000004:CROSSDOCK
SGWU0000004:CROSSDOCK,SGWU0000004:OUTBOUND
SGWU0000004:OUTBOUND,SGWU0000004:DRAY_OUT
SGWU0000004:DRAY_OUT,SGWU0000004:DELIVERY
GVIU0000005:DISCHARGE,GVIU0000005:GATE_READY
GVIU0000005:GATE_READY,GVIU0000005:DRAY_IN
GVIU0000005:DRAY_IN,GVIU0000005:RECEIVE
GVIU0000005:RECEIVE,GVIU0000005:STORAGE_PICK
GVIU0000005:STORAGE_PICK,GVIU0000005:OUTBOUND
GVIU0000005:OUTBOUND,GVIU0000005:DRAY_OUT
GVIU0000005:DRAY_OUT,GVIU0000005:DELIVERY
YYBU0000006:DISCHARGE,YYBU0000006:GATE_READY
YYBU0000006:GATE_READY,YYBU0000006:DRAY_IN
YYBU0000006:DRAY_IN,YYBU0000006:RECEIVE
YYBU0000006:RECEIVE,YYBU0000006:STORAGE_PICK
YYBU0000006:STORAGE_PICK,YYBU0000006:OUTBOUND
YYBU0000006:OUTBOUND,YYBU0000006:DRAY_OUT
YYBU0000006:DRAY_OUT,YYBU0000006:DELIVERY
OEIU0000007:DISCHARGE,OEIU0000007:GATE_READY
OEIU0000007:GATE_READY,OEIU0000007:DRAY_IN
OEIU0000007:DRAY_IN,OEIU0000007:RECEIVE
OEIU0000007:RECEIVE,OEIU0000007:CROSSDOCK
OEIU0000007:CROSSDOCK,OEIU0000007:OUTBOUND
OEIU0000007:OUTBOUND,OEIU0000007:DRAY_OUT
OEIU0000007:DRAY_OUT,OEIU0000007:DELIVERY
BDEU0000008:DISCHARGE,BDEU0000008:GATE_READY
BDEU0000008:GATE_READY,BDEU0000008:DRAY_IN
BDEU0000008:DRAY_IN,BDEU0000008:RECEIVE
BDEU0000008:RECEIVE,BDEU0000008:STORAGE_PICK
BDEU0000008:STORAGE_PICK,BDEU0000008:OUTBOUND
BDEU0000008:OUTBOUND,BDEU0000008:DRAY_OUT
BDEU0000008:DRAY_OUT,BDEU0000008:DELIVERY
VRYU0000009:DISCHARGE,VRYU0000009:GATE_READY
VRYU0000009:GATE_READY,VRYU0000009:DRAY_IN
VRYU0000009:DRAY_IN,VRYU0000009:RECEIVE
VRYU0000009:RECEIVE,VRYU0000009:STORAGE_PICK
VRYU0000009:STORAGE_PICK,VRYU0000009:OUTBOUND
VRYU0000009:OUTBOUND,VRYU0000009:DRAY_OUT
VRYU0000009:DRAY_OUT,VRYU0000009:DELIVERY
DUJU0000010:DISCHARGE,DUJU0000010:GATE_READY
DUJU0000010:GATE_READY,DUJU0000010:DRAY_IN
DUJU0000010:DRAY_IN,DUJU0000010:RECEIVE
DUJU0000010:RECEIVE,DUJU0000010:CROSSDOCK
DUJU0000010:CROSSDOCK,DUJU0000010:OUTBOUND
DUJU0000010:OUTBOUND,DUJU0000010:DRAY_OUT
DUJU0000010:DRAY_OUT,DUJU0000010:DELIVERY
BHSU0000011:DISCHARGE,BHSU0000011:GATE_READY
BHSU0000011:GATE_READY,BHSU0000011:DRAY_IN
BHSU0000011:DRAY_IN,BHSU0000011:RECEIVE
BHSU0000011:RECEIVE,BHSU0000011:CROSSDOCK
BHSU0000011:CROSSDOCK,BHSU0000011:OUTBOUND
BHSU0000011:OUTBOUND,BHSU0000011:DRAY_OUT
BHSU0000011:DRAY_OUT,BHSU0000011:DELIVERY
NGRU0000012:DISCHARGE,NGRU0000012:GATE_READY
NGRU0000012:GATE_READY,NGRU0000012:DRAY_IN
NGRU0000012:DRAY_IN,NGRU0000012:RECEIVE
NGRU0000012:RECEIVE,NGRU0000012:STORAGE_PICK
NGRU0000012:STORAGE_PICK,NGRU0000012:OUTBOUND
NGRU0000012:OUTBOUND,NGRU0000012:DRAY_OUT
NGRU0000012:DRAY_OUT,NGRU0000012:DELIVERY
RHSU0000013:DISCHARGE,RHSU0000013:GATE_READY
RHSU0000013:GATE_READY,RHSU0000013:DRAY_IN
RHSU0000013:DRAY_IN,RHSU0000013:RECEIVE
RHSU0000013:RECEIVE,RHSU0000013:CROSSDOCK
RHSU0000013:CROSSDOCK,RHSU0000013:OUTBOUND
RHSU0000013:OUTBOUND,RHSU0000013:DRAY_OUT
RHSU0000013:DRAY_OUT,RHSU0000013:DELIVERY
XSSU0000014:DISCHARGE,XSSU0000014:GATE_READY
XSSU0000014:GATE_READY,XSSU0000014:DRAY_IN
XSSU0000014:DRAY_IN,XSSU0000014:RECEIVE
XSSU0000014:RECEIVE,XSSU0000014:CROSSDOCK
XSSU0000014:CROSSDOCK,XSSU0000014:OUTBOUND
XSSU0000014:OUTBOUND,XSSU0000014:DRAY_OUT
XSSU0000014:DRAY_OUT,XSSU0000014:DELIVERY
UUDU0000015:DISCHARGE,UUDU0000015:GATE_READY
UUDU0000015:GATE_READY,UUDU0000015:DRAY_IN
UUDU0000015:DRAY_IN,UUDU0000015:RECEIVE
UUDU0000015:RECEIVE,UUDU0000015:CROSSDOCK
UUDU0000015:CROSSDOCK,UUDU0000015:OUTBOUND
UUDU0000015:OUTBOUND,UUDU0000015:DRAY_OUT
UUDU0000015:DRAY_OUT,UUDU0000015:DELIVERY
OZRU0000016:DISCHARGE,OZRU0000016:GATE_READY
OZRU0000016:GATE_READY,OZRU0000016:DRAY_IN
OZRU0000016:DRAY_IN,OZRU0000016:RECEIVE
OZRU0000016:RECEIVE,OZRU0000016:CROSSDOCK
OZRU0000016:CROSSDOCK,OZRU0000016:OUTBOUND
OZRU0000016:OUTBOUND,OZRU0000016:DRAY_OUT
OZRU0000016:DRAY_OUT,OZRU0000016:DELIVERY
AMIU0000017:DISCHARGE,AMIU0000017:GATE_READY
AMIU0000017:GATE_READY,AMIU0000017:DRAY_IN
AMIU0000017:DRAY_IN,AMIU0000017:RECEIVE
AMIU0000017:RECEIVE,AMIU0000017:CROSSDOCK
AMIU0000017:CROSSDOCK,AMIU0000017:OUTBOUND
AMIU0000017:OUTBOUND,AMIU0000017:DRAY_OUT
AMIU0000017:DRAY_OUT,AMIU0000017:DELIVERY
BBSU0000018:DISCHARGE,BBSU0000018:GATE_READY
BBSU0000018:GATE_READY,BBSU0000018:DRAY_IN
BBSU0000018:DRAY_IN,BBSU0000018:RECEIVE
BBSU0000018:RECEIVE,BBSU0000018:STORAGE_PICK
BBSU0000018:STORAGE_PICK,BBSU0000018:OUTBOUND
BBSU0000018:OUTBOUND,BBSU0000018:DRAY_OUT
BBSU0000018:DRAY_OUT,BBSU0000018:DELIVERY
HSTU0000019:DISCHARGE,HSTU0000019:GATE_READY
HSTU0000019:GATE_READY,HSTU0000019:DRAY_IN
HSTU0000019:DRAY_IN,HSTU0000019:RECEIVE
HSTU0000019:RECEIVE,HSTU0000019:STORAGE_PICK
HSTU0000019:STORAGE_PICK,HSTU0000019:OUTBOUND
HSTU0000019:OUTBOUND,HSTU0000019:DRAY_OUT
HSTU0000019:DRAY_OUT,HSTU0000019:DELIVERY
EVUU0000020:DISCHARGE,EVUU0000020:GATE_READY
EVUU0000020:GATE_READY,EVUU0000020:DRAY_IN
EVUU0000020:DRAY_IN,EVUU0000020:RECEIVE
EVUU0000020:RECEIVE,EVUU0000020:STORAGE_PICK
EVUU0000020:STORAGE_PICK,EVUU0000020:OUTBOUND
EVUU0000020:OUTBOUND,EVUU0000020:DRAY_OUT
EVUU0000020:DRAY_OUT,EVUU0000020:DELIVERY
HLJU0000021:DISCHARGE,HLJU0000021:GATE_READY
HLJU0000021:GATE_READY,HLJU0000021:DRAY_IN
HLJU0000021:DRAY_IN,HLJU0000021:RECEIVE
HLJU0000021:RECEIVE,HLJU0000021:CROSSDOCK
HLJU0000021:CROSSDOCK,HLJU0000021:OUTBOUND
HLJU0000021:OUTBOUND,HLJU0000021:DRAY_OUT
HLJU0000021:DRAY_OUT,HLJU0000021:DELIVERY
XREU0000022:DISCHARGE,XREU0000022:GATE_READY
XREU0000022:GATE_READY,XREU0000022:DRAY_IN
XREU0000022:DRAY_IN,XREU0000022:RECEIVE
XREU0000022:RECEIVE,XREU0000022:CROSSDOCK
XREU0000022:CROSSDOCK,XREU0000022:OUTBOUND
XREU0000022:OUTBOUND,XREU0000022:DRAY_OUT
XREU0000022:DRAY_OUT,XREU0000022:DELIVERY
KYEU0000023:DISCHARGE,KYEU0000023:GATE_READY
KYEU0000023:GATE_READY,KYEU0000023:DRAY_IN
KYEU0000023:DRAY_IN,KYEU0000023:RECEIVE
KYEU0000023:RECEIVE,KYEU0000023:CROSSDOCK
KYEU0000023:CROSSDOCK,KYEU0000023:OUTBOUND
KYEU0000023:OUTBOUND,KYEU0000023:DRAY_OUT
KYEU0000023:DRAY_OUT,KYEU0000023:DELIVERY
SREU0000024:DISCHARGE,SREU0000024:GATE_READY
SREU0000024:GATE_READY,SREU0000024:DRAY_IN
SREU0000024:DRAY_IN,SREU0000024:RECEIVE
SREU0000024:RECEIVE,SREU0000024:CROSSDOCK
SREU0000024:CROSSDOCK,SREU0000024:OUTBOUND
SREU0000024:OUTBOUND,SREU0000024:DRAY_OUT
SREU0000024:DRAY_OUT,SREU0000024:DELIVERY
TXEU0000025:DISCHARGE,TXEU0000025:GATE_READY
TXEU0000025:GATE_READY,TXEU0000025:DRAY_IN
TXEU0000025:DRAY_IN,TXEU0000025:RECEIVE
TXEU0000025:RECEIVE,TXEU0000025:STORAGE_PICK
TXEU0000025:STORAGE_PICK,TXEU0000025:OUTBOUND
TXEU0000025:OUTBOUND,TXEU0000025:DRAY_OUT
TXEU0000025:DRAY_OUT,TXEU0000025:DELIVERY
WDMU0000026:DISCHARGE,WDMU0000026:GATE_READY
WDMU0000026:GATE_READY,WDMU0000026:DRAY_IN
WDMU0000026:DRAY_IN,WDMU0000026:RECEIVE
WDMU0000026:RECEIVE,WDMU0000026:STORAGE_PICK
WDMU0000026:STORAGE_PICK,WDMU0000026:OUTBOUND
WDMU0000026:OUTBOUND,WDMU0000026:DRAY_OUT
WDMU0000026:DRAY_OUT,WDMU0000026:DELIVERY
KICU0000027:DISCHARGE,KICU0000027:GATE_READY
KICU0000027:GATE_READY,KICU0000027:DRAY_IN
KICU0000027:DRAY_IN,KICU0000027:RECEIVE
KICU0000027:RECEIVE,KICU0000027:CROSSDOCK
KICU0000027:CROSSDOCK,KICU0000027:OUTBOUND
KICU0000027:OUTBOUND,KICU0000027:DRAY_OUT
KICU0000027:DRAY_OUT,KICU0000027:DELIVERY
NLXU0000028:DISCHARGE,NLXU0000028:GATE_READY
NLXU0000028:GATE_READY,NLXU0000028:DRAY_IN
NLXU0000028:DRAY_IN,NLXU0000028:RECEIVE
NLXU0000028:RECEIVE,NLXU0000028:CROSSDOCK
NLXU0000028:CROSSDOCK,NLXU0000028:OUTBOUND
NLXU0000028:OUTBOUND,NLXU0000028:DRAY_OUT
NLXU0000028:DRAY_OUT,NLXU0000028:DELIVERY
XXXU0000029:DISCHARGE,XXXU0000029:GATE_READY
XXXU0000029:GATE_READY,XXXU0000029:DRAY_IN
XXXU0000029:DRAY_IN,XXXU0000029:RECEIVE
XXXU0000029:RECEIVE,XXXU0000029:CROSSDOCK
XXXU0000029:CROSSDOCK,XXXU0000029:OUTBOUND
XXXU0000029:OUTBOUND,XXXU0000029:DRAY_OUT
XXXU0000029:DRAY_OUT,XXXU0000029:DELIVERY
MWJU0000030:DISCHARGE,MWJU0000030:GATE_READY
MWJU0000030:GATE_READY,MWJU0000030:DRAY_IN
MWJU0000030:DRAY_IN,MWJU0000030:RECEIVE
MWJU0000030:RECEIVE,MWJU0000030:CROSSDOCK
MWJU0000030:CROSSDOCK,MWJU0000030:OUTBOUND
MWJU0000030:OUTBOUND,MWJU0000030:DRAY_OUT
MWJU0000030:DRAY_OUT,MWJU0000030:DELIVERY
STUU0000031:DISCHARGE,STUU0000031:GATE_READY
STUU0000031:GATE_READY,STUU0000031:DRAY_IN
STUU0000031:DRAY_IN,STUU0000031:RECEIVE
STUU0000031:RECEIVE,STUU0000031:STORAGE_PICK
STUU0000031:STORAGE_PICK,STUU0000031:OUTBOUND
STUU0000031:OUTBOUND,STUU0000031:DRAY_OUT
STUU0000031:DRAY_OUT,STUU0000031:DELIVERY
KCYU0000032:DISCHARGE,KCYU0000032:GATE_READY
KCYU0000032:GATE_READY,KCYU0000032:DRAY_IN
KCYU0000032:DRAY_IN,KCYU0000032:RECEIVE
KCYU0000032:RECEIVE,KCYU0000032:STORAGE_PICK
KCYU0000032:STORAGE_PICK,KCYU0000032:OUTBOUND
KCYU0000032:OUTBOUND,KCYU0000032:DRAY_OUT
KCYU0000032:DRAY_OUT,KCYU0000032:DELIVERY
SGWU0000033:DISCHARGE,SGWU0000033:GATE_READY
SGWU0000033:GATE_READY,SGWU0000033:DRAY_IN
SGWU0000033:DRAY_IN,SGWU0000033:RECEIVE
SGWU0000033:RECEIVE,SGWU0000033:STORAGE_PICK
SGWU0000033:STORAGE_PICK,SGWU0000033:OUTBOUND
SGWU0000033:OUTBOUND,SGWU0000033:DRAY_OUT
SGWU0000033:DRAY_OUT,SGWU0000033:DELIVERY
DOEU0000034:DISCHARGE,DOEU0000034:GATE_READY
DOEU0000034:GATE_READY,DOEU0000034:DRAY_IN
DOEU0000034:DRAY_IN,DOEU0000034:RECEIVE
DOEU0000034:RECEIVE,DOEU0000034:STORAGE_PICK
DOEU0000034:STORAGE_PICK,DOEU0000034:OUTBOUND
DOEU0000034:OUTBOUND,DOEU0000034:DRAY_OUT
DOEU0000034:DRAY_OUT,DOEU0000034:DELIVERY
HUIU0000035:DISCHARGE,HUIU0000035:GATE_READY
HUIU0000035:GATE_READY,HUIU0000035:DRAY_IN
HUIU0000035:DRAY_IN,HUIU0000035:RECEIVE
HUIU0000035:RECEIVE,HUIU0000035:STORAGE_PICK
HUIU0000035:STORAGE_PICK,HUIU0000035:OUTBOUND
HUIU0000035:OUTBOUND,HUIU0000035:DRAY_OUT
HUIU0000035:DRAY_OUT,HUIU0000035:DELIVERY
WEWU0000036:DISCHARGE,WEWU0000036:GATE_READY
WEWU0000036:GATE_READY,WEWU0000036:DRAY_IN
WEWU0000036:DRAY_IN,WEWU0000036:RECEIVE
WEWU0000036:RECEIVE,WEWU0000036:CROSSDOCK
WEWU0000036:CROSSDOCK,WEWU0000036:OUTBOUND
WEWU0000036:OUTBOUND,WEWU0000036:DRAY_OUT
WEWU0000036:DRAY_OUT,WEWU0000036:DELIVERY
SMPU0000037:DISCHARGE,SMPU0000037:GATE_READY
SMPU0000037:GATE_READY,SMPU0000037:DRAY_IN
SMPU0000037:DRAY_IN,SMPU0000037:RECEIVE
SMPU0000037:RECEIVE,SMPU0000037:STORAGE_PICK
SMPU0000037:STORAGE_PICK,SMPU0000037:OUTBOUND
SMPU0000037:OUTBOUND,SMPU0000037:DRAY_OUT
SMPU0000037:DRAY_OUT,SMPU0000037:DELIVERY
NPAU0000038:DISCHARGE,NPAU0000038:GATE_READY
NPAU0000038:GATE_READY,NPAU0000038:DRAY_IN
NPAU0000038:DRAY_IN,NPAU0000038:RECEIVE
NPAU0000038:RECEIVE,NPAU0000038:CROSSDOCK
NPAU0000038:CROSSDOCK,NPAU0000038:OUTBOUND
NPAU0000038:OUTBOUND,NPAU0000038:DRAY_OUT
NPAU0000038:DRAY_OUT,NPAU0000038:DELIVERY
UNEU0000039:DISCHARGE,UNEU0000039:GATE_READY
UNEU0000039:GATE_READY,UNEU0000039:DRAY_IN
UNEU0000039:DRAY_IN,UNEU0000039:RECEIVE
UNEU0000039:RECEIVE,UNEU0000039:CROSSDOCK
UNEU0000039:CROSSDOCK,UNEU0000039:OUTBOUND
UNEU0000039:OUTBOUND,UNEU0000039:DRAY_OUT
UNEU0000039:DRAY_OUT,UNEU0000039:DELIVERY
PAXU0000040:DISCHARGE,PAXU0000040:GATE_READY
PAXU0000040:GATE_READY,PAXU0000040:DRAY_IN
PAXU0000040:DRAY_IN,PAXU0000040:RECEIVE
PAXU0000040:RECEIVE,PAXU0000040:STORAGE_PICK
PAXU0000040:STORAGE_PICK,PAXU0000040:OUTBOUND
PAXU0000040:OUTBOUND,PAXU0000040:DRAY_OUT
PAXU0000040:DRAY_OUT,PAXU0000040:DELIVERY
SGOU0000041:DISCHARGE,SGOU0000041:GATE_READY
SGOU0000041:GATE_READY,SGOU0000041:DRAY_IN
SGOU0000041:DRAY_IN,SGOU0000041:RECEIVE
SGOU0000041:RECEIVE,SGOU0000041:STORAGE_PICK
SGOU0000041:STORAGE_PICK,SGOU0000041:OUTBOUND
SGOU0000041:OUTBOUND,SGOU0000041:DRAY_OUT
SGOU0000041:DRAY_OUT,SGOU0000041:DELIVERY
MWGU0000042:DISCHARGE,MWGU0000042:GATE_READY
MWGU0000042:GATE_READY,MWGU0000042:DRAY_IN
MWGU0000042:DRAY_IN,MWGU0000042:RECEIVE
MWGU0000042:RECEIVE,MWGU0000042:STORAGE_PICK
MWGU0000042:STORAGE_PICK,MWGU0000042:OUTBOUND
MWGU0000042:OUTBOUND,MWGU0000042:DRAY_OUT
MWGU0000042:DRAY_OUT,MWGU0000042:DELIVERY
QUKU0000043:DISCHARGE,QUKU0000043:GATE_READY
QUKU0000043:GATE_READY,QUKU0000043:DRAY_IN
QUKU0000043:DRAY_IN,QUKU0000043:RECEIVE
QUKU0000043:RECEIVE,QUKU0000043:STORAGE_PICK
QUKU0000043:STORAGE_PICK,QUKU0000043:OUTBOUND
QUKU0000043:OUTBOUND,QUKU0000043:DRAY_OUT
QUKU0000043:DRAY_OUT,QUKU0000043:DELIVERY
ZRYU0000044:DISCHARGE,ZRYU0000044:GATE_READY
ZRYU0000044:GATE_READY,ZRYU0000044:DRAY_IN
ZRYU0000044:DRAY_IN,ZRYU0000044:RECEIVE
ZRYU0000044:RECEIVE,ZRYU0000044:STORAGE_PICK
ZRYU0000044:STORAGE_PICK,ZRYU0000044:OUTBOUND
ZRYU0000044:OUTBOUND,ZRYU0000044:DRAY_OUT
ZRYU0000044:DRAY_OUT,ZRYU0000044:DELIVERY
KAPU0000045:DISCHARGE,KAPU0000045:GATE_READY
KAPU0000045:GATE_READY,KAPU0000045:DRAY_IN
KAPU0000045:DRAY_IN,KAPU0000045:RECEIVE
KAPU0000045:RECEIVE,KAPU0000045:CROSSDOCK
KAPU0000045:CROSSDOCK,KAPU0000045:OUTBOUND
KAPU0000045:OUTBOUND,KAPU0000045:DRAY_OUT
KAPU0000045:DRAY_OUT,KAPU0000045:DELIVERY
CHXU0000046:DISCHARGE,CHXU0000046:GATE_READY
CHXU0000046:GATE_READY,CHXU0000046:DRAY_IN
CHXU0000046:DRAY_IN,CHXU0000046:RECEIVE
CHXU0000046:RECEIVE,CHXU0000046:STORAGE_PICK
CHXU0000046:STORAGE_PICK,CHXU0000046:OUTBOUND
CHXU0000046:OUTBOUND,CHXU0000046:DRAY_OUT
CHXU0000046:DRAY_OUT,CHXU0000046:DELIVERY
LPRU0000047:DISCHARGE,LPRU0000047:GATE_READY
LPRU0000047:GATE_READY,LPRU0000047:DRAY_IN
LPRU0000047:DRAY_IN,LPRU0000047:RECEIVE
LPRU0000047:RECEIVE,LPRU0000047:CROSSDOCK
LPRU0000047:CROSSDOCK,LPRU0000047:OUTBOUND
LPRU0000047:OUTBOUND,LPRU0000047:DRAY_OUT
LPRU0000047:DRAY_OUT,LPRU0000047:DELIVERY
RYWU0000048:DISCHARGE,RYWU0000048:GATE_READY
RYWU0000048:GATE_READY,RYWU0000048:DRAY_IN
RYWU0000048:DRAY_IN,RYWU0000048:RECEIVE
RYWU0000048:RECEIVE,RYWU0000048:CROSSDOCK
RYWU0000048:CROSSDOCK,RYWU0000048:OUTBOUND
RYWU0000048:OUTBOUND,RYWU0000048:DRAY_OUT
RYWU0000048:DRAY_OUT,RYWU0000048:DELIVERY
AWRU0000049:DISCHARGE,AWRU0000049:GATE_READY
AWRU0000049:GATE_READY,AWRU0000049:DRAY_IN
AWRU0000049:DRAY_IN,AWRU0000049:RECEIVE
AWRU0000049:RECEIVE,AWRU0000049:CROSSDOCK
AWRU0000049:CROSSDOCK,AWRU0000049:OUTBOUND
AWRU0000049:OUTBOUND,AWRU0000049:DRAY_OUT
AWRU0000049:DRAY_OUT,AWRU0000049:DELIVERY
BIPU0000050:DISCHARGE,BIPU0000050:GATE_READY
BIPU0000050:GATE_READY,BIPU0000050:DRAY_IN
BIPU0000050:DRAY_IN,BIPU0000050:RECEIVE
BIPU0000050:RECEIVE,BIPU0000050:STORAGE_PICK
BIPU0000050:STORAGE_PICK,BIPU0000050:OUTBOUND
BIPU0000050:OUTBOUND,BIPU0000050:DRAY_OUT
BIPU0000050:DRAY_OUT,BIPU0000050:DELIVERY
RYNU0000051:DISCHARGE,RYNU0000051:GATE_READY
RYNU0000051:GATE_READY,RYNU0000051:DRAY_IN
RYNU0000051:DRAY_IN,RYNU0000051:RECEIVE
RYNU0000051:RECEIVE,RYNU0000051:STORAGE_PICK
RYNU0000051:STORAGE_PICK,RYNU0000051:OUTBOUND
RYNU0000051:OUTBOUND,RYNU0000051:DRAY_OUT
RYNU0000051:DRAY_OUT,RYNU0000051:DELIVERY
YGUU0000052:DISCHARGE,YGUU0000052:GATE_READY
YGUU0000052:GATE_READY,YGUU0000052:DRAY_IN
YGUU0000052:DRAY_IN,YGUU0000052:RECEIVE
YGUU0000052:RECEIVE,YGUU0000052:CROSSDOCK
YGUU0000052:CROSSDOCK,YGUU0000052:OUTBOUND
YGUU0000052:OUTBOUND,YGUU0000052:DRAY_OUT
YGUU0000052:DRAY_OUT,YGUU0000052:DELIVERY
JWJU0000053:DISCHARGE,JWJU0000053:GATE_READY
JWJU0000053:GATE_READY,JWJU0000053:DRAY_IN
JWJU0000053:DRAY_IN,JWJU0000053:RECEIVE
JWJU0000053:RECEIVE,JWJU0000053:CROSSDOCK
JWJU0000053:CROSSDOCK,JWJU0000053:OUTBOUND
JWJU0000053:OUTBOUND,JWJU0000053:DRAY_OUT
JWJU0000053:DRAY_OUT,JWJU0000053:DELIVERY
CBFU0000054:DISCHARGE,CBFU0000054:GATE_READY
CBFU0000054:GATE_READY,CBFU0000054:DRAY_IN
CBFU0000054:DRAY_IN,CBFU0000054:RECEIVE
CBFU0000054:RECEIVE,CBFU0000054:STORAGE_PICK
CBFU0000054:STORAGE_PICK,CBFU0000054:OUTBOUND
CBFU0000054:OUTBOUND,CBFU0000054:DRAY_OUT
CBFU0000054:DRAY_OUT,CBFU0000054:DELIVERY
OCTU0000055:DISCHARGE,OCTU0000055:GATE_READY
OCTU0000055:GATE_READY,OCTU0000055:DRAY_IN
OCTU0000055:DRAY_IN,OCTU0000055:RECEIVE
OCTU0000055:RECEIVE,OCTU0000055:STORAGE_PICK
OCTU0000055:STORAGE_PICK,OCTU0000055:OUTBOUND
OCTU0000055:OUTBOUND,OCTU0000055:DRAY_OUT
OCTU0000055:DRAY_OUT,OCTU0000055:DELIVERY
SBYU0000056:DISCHARGE,SBYU0000056:GATE_READY
SBYU0000056:GATE_READY,SBYU0000056:DRAY_IN
SBYU0000056:DRAY_IN,SBYU0000056:RECEIVE
SBYU0000056:RECEIVE,SBYU0000056:STORAGE_PICK
SBYU0000056:STORAGE_PICK,SBYU0000056:OUTBOUND
SBYU0000056:OUTBOUND,SBYU0000056:DRAY_OUT
SBYU0000056:DRAY_OUT,SBYU0000056:DELIVERY
DFKU0000057:DISCHARGE,DFKU0000057:GATE_READY
DFKU0000057:GATE_READY,DFKU0000057:DRAY_IN
DFKU0000057:DRAY_IN,DFKU0000057:RECEIVE
DFKU0000057:RECEIVE,DFKU0000057:STORAGE_PICK
DFKU0000057:STORAGE_PICK,DFKU0000057:OUTBOUND
DFKU0000057:OUTBOUND,DFKU0000057:DRAY_OUT
DFKU0000057:DRAY_OUT,DFKU0000057:DELIVERY
QAVU0000058:DISCHARGE,QAVU0000058:GATE_READY
QAVU0000058:GATE_READY,QAVU0000058:DRAY_IN
QAVU0000058:DRAY_IN,QAVU0000058:RECEIVE
QAVU0000058:RECEIVE,QAVU0000058:CROSSDOCK
QAVU0000058:CROSSDOCK,QAVU0000058:OUTBOUND
QAVU0000058:OUTBOUND,QAVU0000058:DRAY_OUT
QAVU0000058:DRAY_OUT,QAVU0000058:DELIVERY
PDAU0000059:DISCHARGE,PDAU0000059:GATE_READY
PDAU0000059:GATE_READY,PDAU0000059:DRAY_IN
PDAU0000059:DRAY_IN,PDAU0000059:RECEIVE
PDAU0000059:RECEIVE,PDAU0000059:STORAGE_PICK
PDAU0000059:STORAGE_PICK,PDAU0000059:OUTBOUND
PDAU0000059:OUTBOUND,PDAU0000059:DRAY_OUT
PDAU0000059:DRAY_OUT,PDAU0000059:DELIVERY
PWJU0000060:DISCHARGE,PWJU0000060:GATE_READY
PWJU0000060:GATE_READY,PWJU0000060:DRAY_IN
PWJU0000060:DRAY_IN,PWJU0000060:RECEIVE
PWJU0000060:RECEIVE,PWJU0000060:CROSSDOCK
PWJU0000060:CROSSDOCK,PWJU0000060:OUTBOUND
PWJU0000060:OUTBOUND,PWJU0000060:DRAY_OUT
PWJU0000060:DRAY_OUT,PWJU0000060:DELIVERY
ZNKU0000061:DISCHARGE,ZNKU0000061:GATE_READY
ZNKU0000061:GATE_READY,ZNKU0000061:DRAY_IN
ZNKU0000061:DRAY_IN,ZNKU0000061:RECEIVE
ZNKU0000061:RECEIVE,ZNKU0000061:STORAGE_PICK
ZNKU0000061:STORAGE_PICK,ZNKU0000061:OUTBOUND
ZNKU0000061:OUTBOUND,ZNKU0000061:DRAY_OUT
ZNKU0000061:DRAY_OUT,ZNKU0000061:DELIVERY
MOKU0000062:DISCHARGE,MOKU0000062:GATE_READY
MOKU0000062:GATE_READY,MOKU0000062:DRAY_IN
MOKU0000062:DRAY_IN,MOKU0000062:RECEIVE
MOKU0000062:RECEIVE,MOKU0000062:STORAGE_PICK
MOKU0000062:STORAGE_PICK,MOKU0000062:OUTBOUND
MOKU0000062:OUTBOUND,MOKU0000062:DRAY_OUT
MOKU0000062:DRAY_OUT,MOKU0000062:DELIVERY
UEPU0000063:DISCHARGE,UEPU0000063:GATE_READY
UEPU0000063:GATE_READY,UEPU0000063:DRAY_IN
UEPU0000063:DRAY_IN,UEPU0000063:RECEIVE
UEPU0000063:RECEIVE,UEPU0000063:CROSSDOCK
UEPU0000063:CROSSDOCK,UEPU0000063:OUTBOUND
UEPU0000063:OUTBOUND,UEPU0000063:DRAY_OUT
UEPU0000063:DRAY_OUT,UEPU0000063:DELIVERY
ECPU0000064:DISCHARGE,ECPU0000064:GATE_READY
ECPU0000064:GATE_READY,ECPU0000064:DRAY_IN
ECPU0000064:DRAY_IN,ECPU0000064:RECEIVE
ECPU0000064:RECEIVE,ECPU0000064:CROSSDOCK
ECPU0000064:CROSSDOCK,ECPU0000064:OUTBOUND
ECPU0000064:OUTBOUND,ECPU0000064:DRAY_OUT
ECPU0000064:DRAY_OUT,ECPU0000064:DELIVERY
CHUU0000065:DISCHARGE,CHUU0000065:GATE_READY
CHUU0000065:GATE_READY,CHUU0000065:DRAY_IN
CHUU0000065:DRAY_IN,CHUU0000065:RECEIVE
CHUU0000065:RECEIVE,CHUU0000065:STORAGE_PICK
CHUU0000065:STORAGE_PICK,CHUU0000065:OUTBOUND
CHUU0000065:OUTBOUND,CHUU0000065:DRAY_OUT
CHUU0000065:DRAY_OUT,CHUU0000065:DELIVERY
LLNU0000066:DISCHARGE,LLNU0000066:GATE_READY
LLNU0000066:GATE_READY,LLNU0000066:DRAY_IN
LLNU0000066:DRAY_IN,LLNU0000066:RECEIVE
LLNU0000066:RECEIVE,LLNU0000066:CROSSDOCK
LLNU0000066:CROSSDOCK,LLNU0000066:OUTBOUND
LLNU0000066:OUTBOUND,LLNU0000066:DRAY_OUT
LLNU0000066:DRAY_OUT,LLNU0000066:DELIVERY
EHOU0000067:DISCHARGE,EHOU0000067:GATE_READY
EHOU0000067:GATE_READY,EHOU0000067:DRAY_IN
EHOU0000067:DRAY_IN,EHOU0000067:RECEIVE
EHOU0000067:RECEIVE,EHOU0000067:STORAGE_PICK
EHOU0000067:STORAGE_PICK,EHOU0000067:OUTBOUND
EHOU0000067:OUTBOUND,EHOU0000067:DRAY_OUT
EHOU0000067:DRAY_OUT,EHOU0000067:DELIVERY
IOJU0000068:DISCHARGE,IOJU0000068:GATE_READY
IOJU0000068:GATE_READY,IOJU0000068:DRAY_IN
IOJU0000068:DRAY_IN,IOJU0000068:RECEIVE
IOJU0000068:RECEIVE,IOJU0000068:STORAGE_PICK
IOJU0000068:STORAGE_PICK,IOJU0000068:OUTBOUND
IOJU0000068:OUTBOUND,IOJU0000068:DRAY_OUT
IOJU0000068:DRAY_OUT,IOJU0000068:DELIVERY
ASVU0000069:DISCHARGE,ASVU0000069:GATE_READY
ASVU0000069:GATE_READY,ASVU0000069:DRAY_IN
ASVU0000069:DRAY_IN,ASVU0000069:RECEIVE
ASVU0000069:RECEIVE,ASVU0000069:STORAGE_PICK
ASVU0000069:STORAGE_PICK,ASVU0000069:OUTBOUND
ASVU0000069:OUTBOUND,ASVU0000069:DRAY_OUT
ASVU0000069:DRAY_OUT,ASVU0000069:DELIVERY
UBJU0000070:DISCHARGE,UBJU0000070:GATE_READY
UBJU0000070:GATE_READY,UBJU0000070:DRAY_IN
UBJU0000070:DRAY_IN,UBJU0000070:RECEIVE
UBJU0000070:RECEIVE,UBJU0000070:CROSSDOCK
UBJU0000070:CROSSDOCK,UBJU0000070:OUTBOUND
UBJU0000070:OUTBOUND,UBJU0000070:DRAY_OUT
UBJU0000070:DRAY_OUT,UBJU0000070:DELIVERY
QQIU0000071:DISCHARGE,QQIU0000071:GATE_READY
QQIU0000071:GATE_READY,QQIU0000071:DRAY_IN
QQIU0000071:DRAY_IN,QQIU0000071:RECEIVE
QQIU0000071:RECEIVE,QQIU0000071:CROSSDOCK
QQIU0000071:CROSSDOCK,QQIU0000071:OUTBOUND
QQIU0000071:OUTBOUND,QQIU0000071:DRAY_OUT
QQIU0000071:DRAY_OUT,QQIU0000071:DELIVERY
MZRU0000072:DISCHARGE,MZRU0000072:GATE_READY
MZRU0000072:GATE_READY,MZRU0000072:DRAY_IN
MZRU0000072:DRAY_IN,MZRU0000072:RECEIVE
MZRU0000072:RECEIVE,MZRU0000072:CROSSDOCK
MZRU0000072:CROSSDOCK,MZRU0000072:OUTBOUND
MZRU0000072:OUTBOUND,MZRU0000072:DRAY_OUT
MZRU0000072:DRAY_OUT,MZRU0000072:DELIVERY
LDVU0000073:DISCHARGE,LDVU0000073:GATE_READY
LDVU0000073:GATE_READY,LDVU0000073:DRAY_IN
LDVU0000073:DRAY_IN,LDVU0000073:RECEIVE
LDVU0000073:RECEIVE,LDVU0000073:STORAGE_PICK
LDVU0000073:STORAGE_PICK,LDVU0000073:OUTBOUND
LDVU0000073:OUTBOUND,LDVU0000073:DRAY_OUT
LDVU0000073:DRAY_OUT,LDVU0000073:DELIVERY
EBBU0000074:DISCHARGE,EBBU0000074:GATE_READY
EBBU0000074:GATE_READY,EBBU0000074:DRAY_IN
EBBU0000074:DRAY_IN,EBBU0000074:RECEIVE
EBBU0000074:RECEIVE,EBBU0000074:STORAGE_PICK
EBBU0000074:STORAGE_PICK,EBBU0000074:OUTBOUND
EBBU0000074:OUTBOUND,EBBU0000074:DRAY_OUT
EBBU0000074:DRAY_OUT,EBBU0000074:DELIVERY
XENU0000075:DISCHARGE,XENU0000075:GATE_READY
XENU0000075:GATE_READY,XENU0000075:DRAY_IN
XENU0000075:DRAY_IN,XENU0000075:RECEIVE
XENU0000075:RECEIVE,XENU0000075:STORAGE_PICK
XENU0000075:STORAGE_PICK,XENU0000075:OUTBOUND
XENU0000075:OUTBOUND,XENU0000075:DRAY_OUT
XENU0000075:DRAY_OUT,XENU0000075:DELIVERY
LRUU0000076:DISCHARGE,LRUU0000076:GATE_READY
LRUU0000076:GATE_READY,LRUU0000076:DRAY_IN
LRUU0000076:DRAY_IN,LRUU0000076:RECEIVE
LRUU0000076:RECEIVE,LRUU0000076:CROSSDOCK
LRUU0000076:CROSSDOCK,LRUU0000076:OUTBOUND
LRUU0000076:OUTBOUND,LRUU0000076:DRAY_OUT
LRUU0000076:DRAY_OUT,LRUU0000076:DELIVERY
HEZU0000077:DISCHARGE,HEZU0000077:GATE_READY
HEZU0000077:GATE_READY,HEZU0000077:DRAY_IN
HEZU0000077:DRAY_IN,HEZU0000077:RECEIVE
HEZU0000077:RECEIVE,HEZU0000077:CROSSDOCK
HEZU0000077:CROSSDOCK,HEZU0000077:OUTBOUND
HEZU0000077:OUTBOUND,HEZU0000077:DRAY_OUT
HEZU0000077:DRAY_OUT,HEZU0000077:DELIVERY
ERIU0000078:DISCHARGE,ERIU0000078:GATE_READY
ERIU0000078:GATE_READY,ERIU0000078:DRAY_IN
ERIU0000078:DRAY_IN,ERIU0000078:RECEIVE
ERIU0000078:RECEIVE,ERIU0000078:CROSSDOCK
ERIU0000078:CROSSDOCK,ERIU0000078:OUTBOUND
ERIU0000078:OUTBOUND,ERIU0000078:DRAY_OUT
ERIU0000078:DRAY_OUT,ERIU0000078:DELIVERY
QDXU0000079:DISCHARGE,QDXU0000079:GATE_READY
QDXU0000079:GATE_READY,QDXU0000079:DRAY_IN
QDXU0000079:DRAY_IN,QDXU0000079:RECEIVE
QDXU0000079:RECEIVE,QDXU0000079:STORAGE_PICK
QDXU0000079:STORAGE_PICK,QDXU0000079:OUTBOUND
QDXU0000079:OUTBOUND,QDXU0000079:DRAY_OUT
QDXU0000079:DRAY_OUT,QDXU0000079:DELIVERY
ABPU0000080:DISCHARGE,ABPU0000080:GATE_READY
ABPU0000080:GATE_READY,ABPU0000080:DRAY_IN
ABPU0000080:DRAY_IN,ABPU0000080:RECEIVE
ABPU0000080:RECEIVE,ABPU0000080:CROSSDOCK
ABPU0000080:CROSSDOCK,ABPU0000080:OUTBOUND
ABPU0000080:OUTBOUND,ABPU0000080:DRAY_OUT
ABPU0000080:DRAY_OUT,ABPU0000080:DELIVERY
WKMU0000081:DISCHARGE,WKMU0000081:GATE_READY
WKMU0000081:GATE_READY,WKMU0000081:DRAY_IN
WKMU0000081:DRAY_IN,WKMU0000081:RECEIVE
WKMU0000081:RECEIVE,WKMU0000081:STORAGE_PICK
WKMU0000081:STORAGE_PICK,WKMU0000081:OUTBOUND
WKMU0000081:OUTBOUND,WKMU0000081:DRAY_OUT
WKMU0000081:DRAY_OUT,WKMU0000081:DELIVERY
MNXU0000082:DISCHARGE,MNXU0000082:GATE_READY
MNXU0000082:GATE_READY,MNXU0000082:DRAY_IN
MNXU0000082:DRAY_IN,MNXU0000082:RECEIVE
MNXU0000082:RECEIVE,MNXU0000082:CROSSDOCK
MNXU0000082:CROSSDOCK,MNXU0000082:OUTBOUND
MNXU0000082:OUTBOUND,MNXU0000082:DRAY_OUT
MNXU0000082:DRAY_OUT,MNXU0000082:DELIVERY
XXLU0000083:DISCHARGE,XXLU0000083:GATE_READY
XXLU0000083:GATE_READY,XXLU0000083:DRAY_IN
XXLU0000083:DRAY_IN,XXLU0000083:RECEIVE
XXLU0000083:RECEIVE,XXLU0000083:STORAGE_PICK
XXLU0000083:STORAGE_PICK,XXLU0000083:OUTBOUND
XXLU0000083:OUTBOUND,XXLU0000083:DRAY_OUT
XXLU0000083:DRAY_OUT,XXLU0000083:DELIVERY
TJLU0000084:DISCHARGE,TJLU0000084:GATE_READY
TJLU0000084:GATE_READY,TJLU0000084:DRAY_IN
TJLU0000084:DRAY_IN,TJLU0000084:RECEIVE
TJLU0000084:RECEIVE,TJLU0000084:STORAGE_PICK
TJLU0000084:STORAGE_PICK,TJLU0000084:OUTBOUND
TJLU0000084:OUTBOUND,TJLU0000084:DRAY_OUT
TJLU0000084:DRAY_OUT,TJLU0000084:DELIVERY
HZNU0000085:DISCHARGE,HZNU0000085:GATE_READY
HZNU0000085:GATE_READY,HZNU0000085:DRAY_IN
HZNU0000085:DRAY_IN,HZNU0000085:RECEIVE
HZNU0000085:RECEIVE,HZNU0000085:STORAGE_PICK
HZNU0000085:STORAGE_PICK,HZNU0000085:OUTBOUND
HZNU0000085:OUTBOUND,HZNU0000085:DRAY_OUT
HZNU0000085:DRAY_OUT,HZNU0000085:DELIVERY
CEXU0000086:DISCHARGE,CEXU0000086:GATE_READY
CEXU0000086:GATE_READY,CEXU0000086:DRAY_IN
CEXU0000086:DRAY_IN,CEXU0000086:RECEIVE
CEXU0000086:RECEIVE,CEXU0000086:CROSSDOCK
CEXU0000086:CROSSDOCK,CEXU0000086:OUTBOUND
CEXU0000086:OUTBOUND,CEXU0000086:DRAY_OUT
CEXU0000086:DRAY_OUT,CEXU0000086:DELIVERY
TCBU0000087:DISCHARGE,TCBU0000087:GATE_READY
TCBU0000087:GATE_READY,TCBU0000087:DRAY_IN
TCBU0000087:DRAY_IN,TCBU0000087:RECEIVE
TCBU0000087:RECEIVE,TCBU0000087:CROSSDOCK
TCBU0000087:CROSSDOCK,TCBU0000087:OUTBOUND
TCBU0000087:OUTBOUND,TCBU0000087:DRAY_OUT
TCBU0000087:DRAY_OUT,TCBU0000087:DELIVERY
YQDU0000088:DISCHARGE,YQDU0000088:GATE_READY
YQDU0000088:GATE_READY,YQDU0000088:DRAY_IN
YQDU0000088:DRAY_IN,YQDU0000088:RECEIVE
YQDU0000088:RECEIVE,YQDU0000088:CROSSDOCK
YQDU0000088:CROSSDOCK,YQDU0000088:OUTBOUND
YQDU0000088:OUTBOUND,YQDU0000088:DRAY_OUT
YQDU0000088:DRAY_OUT,YQDU0000088:DELIVERY
GJGU0000089:DISCHARGE,GJGU0000089:GATE_READY
GJGU0000089:GATE_READY,GJGU0000089:DRAY_IN
GJGU0000089:DRAY_IN,GJGU0000089:RECEIVE
GJGU0000089:RECEIVE,GJGU0000089:STORAGE_PICK
GJGU0000089:STORAGE_PICK,GJGU0000089:OUTBOUND
GJGU0000089:OUTBOUND,GJGU0000089:DRAY_OUT
GJGU0000089:DRAY_OUT,GJGU0000089:DELIVERY
RVZU0000090:DISCHARGE,RVZU0000090:GATE_READY
RVZU0000090:GATE_READY,RVZU0000090:DRAY_IN
RVZU0000090:DRAY_IN,RVZU0000090:RECEIVE
RVZU0000090:RECEIVE,RVZU0000090:CROSSDOCK
RVZU0000090:CROSSDOCK,RVZU0000090:OUTBOUND
RVZU0000090:OUTBOUND,RVZU0000090:DRAY_OUT
RVZU0000090:DRAY_OUT,RVZU0000090:DELIVERY
AKFU0000091:DISCHARGE,AKFU0000091:GATE_READY
AKFU0000091:GATE_READY,AKFU0000091:DRAY_IN
AKFU0000091:DRAY_IN,AKFU0000091:RECEIVE
AKFU0000091:RECEIVE,AKFU0000091:STORAGE_PICK
AKFU0000091:STORAGE_PICK,AKFU0000091:OUTBOUND
AKFU0000091:OUTBOUND,AKFU0000091:DRAY_OUT
AKFU0000091:DRAY_OUT,AKFU0000091:DELIVERY
HKYU0000092:DISCHARGE,HKYU0000092:GATE_READY
HKYU0000092:GATE_READY,HKYU0000092:DRAY_IN
HKYU0000092:DRAY_IN,HKYU0000092:RECEIVE
HKYU0000092:RECEIVE,HKYU0000092:CROSSDOCK
HKYU0000092:CROSSDOCK,HKYU0000092:OUTBOUND
HKYU0000092:OUTBOUND,HKYU0000092:DRAY_OUT
HKYU0000092:DRAY_OUT,HKYU0000092:DELIVERY
IGFU0000093:DISCHARGE,IGFU0000093:GATE_READY
IGFU0000093:GATE_READY,IGFU0000093:DRAY_IN
IGFU0000093:DRAY_IN,IGFU0000093:RECEIVE
IGFU0000093:RECEIVE,IGFU0000093:STORAGE_PICK
IGFU0000093:STORAGE_PICK,IGFU0000093:OUTBOUND
IGFU0000093:OUTBOUND,IGFU0000093:DRAY_OUT
IGFU0000093:DRAY_OUT,IGFU0000093:DELIVERY
KUKU0000094:DISCHARGE,KUKU0000094:GATE_READY
KUKU0000094:GATE_READY,KUKU0000094:DRAY_IN
KUKU0000094:DRAY_IN,KUKU0000094:RECEIVE
KUKU0000094:RECEIVE,KUKU0000094:CROSSDOCK
KUKU0000094:CROSSDOCK,KUKU0000094:OUTBOUND
KUKU0000094:OUTBOUND,KUKU0000094:DRAY_OUT
KUKU0000094:DRAY_OUT,KUKU0000094:DELIVERY
BLJU0000095:DISCHARGE,BLJU0000095:GATE_READY
BLJU0000095:GATE_READY,BLJU0000095:DRAY_IN
BLJU0000095:DRAY_IN,BLJU0000095:RECEIVE
BLJU0000095:RECEIVE,BLJU0000095:STORAGE_PICK
BLJU0000095:STORAGE_PICK,BLJU0000095:OUTBOUND
BLJU0000095:OUTBOUND,BLJU0000095:DRAY_OUT
BLJU0000095:DRAY_OUT,BLJU0000095:DELIVERY
SUGU0000096:DISCHARGE,SUGU0000096:GATE_READY
SUGU0000096:GATE_READY,SUGU0000096:DRAY_IN
SUGU0000096:DRAY_IN,SUGU0000096:RECEIVE
SUGU0000096:RECEIVE,SUGU0000096:STORAGE_PICK
SUGU0000096:STORAGE_PICK,SUGU0000096:OUTBOUND
SUGU0000096:OUTBOUND,SUGU0000096:DRAY_OUT
SUGU0000096:DRAY_OUT,SUGU0000096:DELIVERY
BHWU0000097:DISCHARGE,BHWU0000097:GATE_READY
BHWU0000097:GATE_READY,BHWU0000097:DRAY_IN
BHWU0000097:DRAY_IN,BHWU0000097:RECEIVE
BHWU0000097:RECEIVE,BHWU0000097:STORAGE_PICK
BHWU0000097:STORAGE_PICK,BHWU0000097:OUTBOUND
BHWU0000097:OUTBOUND,BHWU0000097:DRAY_OUT
BHWU0000097:DRAY_OUT,BHWU0000097:DELIVERY
ZUUU0000098:DISCHARGE,ZUUU0000098:GATE_READY
ZUUU0000098:GATE_READY,ZUUU0000098:DRAY_IN
ZUUU0000098:DRAY_IN,ZUUU0000098:RECEIVE
ZUUU0000098:RECEIVE,ZUUU0000098:CROSSDOCK
ZUUU0000098:CROSSDOCK,ZUUU0000098:OUTBOUND
ZUUU0000098:OUTBOUND,ZUUU0000098:DRAY_OUT
ZUUU0000098:DRAY_OUT,ZUUU0000098:DELIVERY
VELU0000099:DISCHARGE,VELU0000099:GATE_READY
VELU0000099:GATE_READY,VELU0000099:DRAY_IN
VELU0000099:DRAY_IN,VELU0000099:RECEIVE
VELU0000099:RECEIVE,VELU0000099:STORAGE_PICK
VELU0000099:STORAGE_PICK,VELU0000099:OUTBOUND
VELU0000099:OUTBOUND,VELU0000099:DRAY_OUT
VELU0000099:DRAY_OUT,VELU0000099:DELIVERY
VQCU0000100:DISCHARGE,VQCU0000100:GATE_READY
VQCU0000100:GATE_READY,VQCU0000100:DRAY_IN
VQCU0000100:DRAY_IN,VQCU0000100:RECEIVE
VQCU0000100:RECEIVE,VQCU0000100:STORAGE_PICK
VQCU0000100:STORAGE_PICK,VQCU0000100:OUTBOUND
VQCU0000100:OUTBOUND,VQCU0000100:DRAY_OUT
VQCU0000100:DRAY_OUT,VQCU0000100:DELIVERY
ZDQU0000101:DISCHARGE,ZDQU0000101:GATE_READY
ZDQU0000101:GATE_READY,ZDQU0000101:DRAY_IN
ZDQU0000101:DRAY_IN,ZDQU0000101:RECEIVE
ZDQU0000101:RECEIVE,ZDQU0000101:STORAGE_PICK
ZDQU0000101:STORAGE_PICK,ZDQU0000101:OUTBOUND
ZDQU0000101:OUTBOUND,ZDQU0000101:DRAY_OUT
ZDQU0000101:DRAY_OUT,ZDQU0000101:DELIVERY
NLVU0000102:DISCHARGE,NLVU0000102:GATE_READY
NLVU0000102:GATE_READY,NLVU0000102:DRAY_IN
NLVU0000102:DRAY_IN,NLVU0000102:RECEIVE
NLVU0000102:RECEIVE,NLVU0000102:STORAGE_PICK
NLVU0000102:STORAGE_PICK,NLVU0000102:OUTBOUND
NLVU0000102:OUTBOUND,NLVU0000102:DRAY_OUT
NLVU0000102:DRAY_OUT,NLVU0000102:DELIVERY
OOYU0000103:DISCHARGE,OOYU0000103:GATE_READY
OOYU0000103:GATE_READY,OOYU0000103:DRAY_IN
OOYU0000103:DRAY_IN,OOYU0000103:RECEIVE
OOYU0000103:RECEIVE,OOYU0000103:STORAGE_PICK
OOYU0000103:STORAGE_PICK,OOYU0000103:OUTBOUND
OOYU0000103:OUTBOUND,OOYU0000103:DRAY_OUT
OOYU0000103:DRAY_OUT,OOYU0000103:DELIVERY
WQDU0000104:DISCHARGE,WQDU0000104:GATE_READY
WQDU0000104:GATE_READY,WQDU0000104:DRAY_IN
WQDU0000104:DRAY_IN,WQDU0000104:RECEIVE
WQDU0000104:RECEIVE,WQDU0000104:CROSSDOCK
WQDU0000104:CROSSDOCK,WQDU0000104:OUTBOUND
WQDU0000104:OUTBOUND,WQDU0000104:DRAY_OUT
WQDU0000104:DRAY_OUT,WQDU0000104:DELIVERY
MQLU0000105:DISCHARGE,MQLU0000105:GATE_READY
MQLU0000105:GATE_READY,MQLU0000105:DRAY_IN
MQLU0000105:DRAY_IN,MQLU0000105:RECEIVE
MQLU0000105:RECEIVE,MQLU0000105:CROSSDOCK
MQLU0000105:CROSSDOCK,MQLU0000105:OUTBOUND
MQLU0000105:OUTBOUND,MQLU0000105:DRAY_OUT
MQLU0000105:DRAY_OUT,MQLU0000105:DELIVERY
PWEU0000106:DISCHARGE,PWEU0000106:GATE_READY
PWEU0000106:GATE_READY,PWEU0000106:DRAY_IN
PWEU0000106:DRAY_IN,PWEU0000106:RECEIVE
PWEU0000106:RECEIVE,PWEU0000106:CROSSDOCK
PWEU0000106:CROSSDOCK,PWEU0000106:OUTBOUND
PWEU0000106:OUTBOUND,PWEU0000106:DRAY_OUT
PWEU0000106:DRAY_OUT,PWEU0000106:DELIVERY
HJDU0000107:DISCHARGE,HJDU0000107:GATE_READY
HJDU0000107:GATE_READY,HJDU0000107:DRAY_IN
HJDU0000107:DRAY_IN,HJDU0000107:RECEIVE
HJDU0000107:RECEIVE,HJDU0000107:CROSSDOCK
HJDU0000107:CROSSDOCK,HJDU0000107:OUTBOUND
HJDU0000107:OUTBOUND,HJDU0000107:DRAY_OUT
HJDU0000107:DRAY_OUT,HJDU0000107:DELIVERY
JNAU0000108:DISCHARGE,JNAU0000108:GATE_READY
JNAU0000108:GATE_READY,JNAU0000108:DRAY_IN
JNAU0000108:DRAY_IN,JNAU0000108:RECEIVE
JNAU0000108:RECEIVE,JNAU0000108:CROSSDOCK
JNAU0000108:CROSSDOCK,JNAU0000108:OUTBOUND
JNAU0000108:OUTBOUND,JNAU0000108:DRAY_OUT
JNAU0000108:DRAY_OUT,JNAU0000108:DELIVERY
PBUU0000109:DISCHARGE,PBUU0000109:GATE_READY
PBUU0000109:GATE_READY,PBUU0000109:DRAY_IN
PBUU0000109:DRAY_IN,PBUU0000109:RECEIVE
PBUU0000109:RECEIVE,PBUU0000109:STORAGE_PICK
PBUU0000109:STORAGE_PICK,PBUU0000109:OUTBOUND
PBUU0000109:OUTBOUND,PBUU0000109:DRAY_OUT
PBUU0000109:DRAY_OUT,PBUU0000109:DELIVERY
YKEU0000110:DISCHARGE,YKEU0000110:GATE_READY
YKEU0000110:GATE_READY,YKEU0000110:DRAY_IN
YKEU0000110:DRAY_IN,YKEU0000110:RECEIVE
YKEU0000110:RECEIVE,YKEU0000110:CROSSDOCK
YKEU0000110:CROSSDOCK,YKEU0000110:OUTBOUND
YKEU0000110:OUTBOUND,YKEU0000110:DRAY_OUT
YKEU0000110:DRAY_OUT,YKEU0000110:DELIVERY
BZGU0000111:DISCHARGE,BZGU0000111:GATE_READY
BZGU0000111:GATE_READY,BZGU0000111:DRAY_IN
BZGU0000111:DRAY_IN,BZGU0000111:RECEIVE
BZGU0000111:RECEIVE,BZGU0000111:CROSSDOCK
BZGU0000111:CROSSDOCK,BZGU0000111:OUTBOUND
BZGU0000111:OUTBOUND,BZGU0000111:DRAY_OUT
BZGU0000111:DRAY_OUT,BZGU0000111:DELIVERY
BUKU0000112:DISCHARGE,BUKU0000112:GATE_READY
BUKU0000112:GATE_READY,BUKU0000112:DRAY_IN
BUKU0000112:DRAY_IN,BUKU0000112:RECEIVE
BUKU0000112:RECEIVE,BUKU0000112:CROSSDOCK
BUKU0000112:CROSSDOCK,BUKU0000112:OUTBOUND
BUKU0000112:OUTBOUND,BUKU0000112:DRAY_OUT
BUKU0000112:DRAY_OUT,BUKU0000112:DELIVERY
QIZU0000113:DISCHARGE,QIZU0000113:GATE_READY
QIZU0000113:GATE_READY,QIZU0000113:DRAY_IN
QIZU0000113:DRAY_IN,QIZU0000113:RECEIVE
QIZU0000113:RECEIVE,QIZU0000113:STORAGE_PICK
QIZU0000113:STORAGE_PICK,QIZU0000113:OUTBOUND
QIZU0000113:OUTBOUND,QIZU0000113:DRAY_OUT
QIZU0000113:DRAY_OUT,QIZU0000113:DELIVERY
WNFU0000114:DISCHARGE,WNFU0000114:GATE_READY
WNFU0000114:GATE_READY,WNFU0000114:DRAY_IN
WNFU0000114:DRAY_IN,WNFU0000114:RECEIVE
WNFU0000114:RECEIVE,WNFU0000114:CROSSDOCK
WNFU0000114:CROSSDOCK,WNFU0000114:OUTBOUND
WNFU0000114:OUTBOUND,WNFU0000114:DRAY_OUT
WNFU0000114:DRAY_OUT,WNFU0000114:DELIVERY
XVFU0000115:DISCHARGE,XVFU0000115:GATE_READY
XVFU0000115:GATE_READY,XVFU0000115:DRAY_IN
XVFU0000115:DRAY_IN,XVFU0000115:RECEIVE
XVFU0000115:RECEIVE,XVFU0000115:CROSSDOCK
XVFU0000115:CROSSDOCK,XVFU0000115:OUTBOUND
XVFU0000115:OUTBOUND,XVFU0000115:DRAY_OUT
XVFU0000115:DRAY_OUT,XVFU0000115:DELIVERY
BTEU0000116:DISCHARGE,BTEU0000116:GATE_READY
BTEU0000116:GATE_READY,BTEU0000116:DRAY_IN
BTEU0000116:DRAY_IN,BTEU0000116:RECEIVE
BTEU0000116:RECEIVE,BTEU0000116:STORAGE_PICK
BTEU0000116:STORAGE_PICK,BTEU0000116:OUTBOUND
BTEU0000116:OUTBOUND,BTEU0000116:DRAY_OUT
BTEU0000116:DRAY_OUT,BTEU0000116:DELIVERY
XFPU0000117:DISCHARGE,XFPU0000117:GATE_READY
XFPU0000117:GATE_READY,XFPU0000117:DRAY_IN
XFPU0000117:DRAY_IN,XFPU0000117:RECEIVE
XFPU0000117:RECEIVE,XFPU0000117:STORAGE_PICK
XFPU0000117:STORAGE_PICK,XFPU0000117:OUTBOUND
XFPU0000117:OUTBOUND,XFPU0000117:DRAY_OUT
XFPU0000117:DRAY_OUT,XFPU0000117:DELIVERY
COFU0000118:DISCHARGE,COFU0000118:GATE_READY
COFU0000118:GATE_READY,COFU0000118:DRAY_IN
COFU0000118:DRAY_IN,COFU0000118:RECEIVE
COFU0000118:RECEIVE,COFU0000118:STORAGE_PICK
COFU0000118:STORAGE_PICK,COFU0000118:OUTBOUND
COFU0000118:OUTBOUND,COFU0000118:DRAY_OUT
COFU0000118:DRAY_OUT,COFU0000118:DELIVERY
HDGU0000119:DISCHARGE,HDGU0000119:GATE_READY
HDGU0000119:GATE_READY,HDGU0000119:DRAY_IN
HDGU0000119:DRAY_IN,HDGU0000119:RECEIVE
HDGU0000119:RECEIVE,HDGU0000119:CROSSDOCK
HDGU0000119:CROSSDOCK,HDGU0000119:OUTBOUND
HDGU0000119:OUTBOUND,HDGU0000119:DRAY_OUT
HDGU0000119:DRAY_OUT,HDGU0000119:DELIVERY
WXPU0000120:DISCHARGE,WXPU0000120:GATE_READY
WXPU0000120:GATE_READY,WXPU0000120:DRAY_IN
WXPU0000120:DRAY_IN,WXPU0000120:RECEIVE
WXPU0000120:RECEIVE,WXPU0000120:STORAGE_PICK
WXPU0000120:STORAGE_PICK,WXPU0000120:OUTBOUND
WXPU0000120:OUTBOUND,WXPU0000120:DRAY_OUT
WXPU0000120:DRAY_OUT,WXPU0000120:DELIVERY
